ndc_code_of_drug_ordered,drug_name,drug_strength,alt_name,dos_id
00000000000,Ensure High Protein Liq,,,LIQO
00002871501,HumuLIN 70/30 Vial,70/30,INSULIN ISOPHANE & REG (HUMAN),INJ
00003089321,Eliquis 2.5mg Tablet,2.5MG,APIXABAN,TAB
00003089421,Eliquis 5mg Tablet,5MG,APIXABAN,TAB
00003364111,Evotaz 300-150 Tablet,300-150,ATAZANAVIR/COBICISTAT,TAB
00006011231,Januvia 50mg Tablet,50MG,SITAGLIPTIN,TAB
00006027731,Januvia 100mg Tablet,100MG,SITAGLIPTIN,TAB
00023079815,Refresh Tears 0.5% Drops,0.5% OP,CARBOXYMETHYLCELLULOSE SODIUM,DRO
00023182212,Refresh Contacts Drops,CONTACTS,,
00023577330,REFRESH OPT  SOL MEGA-3,MEGA-3,,SOL
00032263601,"Creon 24,000unit Capsule","24,000UNT",,CAPU
00032301613,"Creon 36,000unit Capsule","36,000UNT",AMYLASE-LIPASE-PROTEASE,CAPU
00037682210,Proctofoam HC 1% Foam,HC 1%,HYDROCORTISONE ACE-PRAMOXINE,AERT
00054032656,Flutic-Salm 100-50mcg Aer,100-50MCG,ADVAIR DISKUS,AER
00054032756,Flutic-Salm 250-50mcg Aer,250-50MCG,ADVAIR DISKUS,AER
00054039268,Methadone Int 10mg/ml Con,10MG/ML,,CON
00054074287,Albuterol HFA Inhaler,HFA,PROVENTIL HFA,AER
00054252625,Lithium Carb -150mg- Cap,150MG,ESKALITH,CAP
00065036340,Clear Care + Contact Sol,,,
00074463701,Zemplar 2mcg/ml Vial,2MCG/ML,,
00078063998,Cosentyx 150mg/ml Syr,150MG/ML,,
00078065920,Entresto 24-26mg Tab,24-26MG,SACUBITRIL/VALSARTAN,TAB
00078069620,Entresto 97-103mg Tab,97-103MG,SACUBITRIL/VALSARTAN,TAB
00078077720,Entresto 49-51mg Tab,49-51MG,SACUBITRIL/VALSARTAN,TAB
00078107068,Cosentyx UnoReady 300MG/2,300 MG/2ML,,
00088222033,Lantus Inj 100UNITS/ML,100/ML,INSULIN GLARGINE,INJ
00093081105,Nortriptyline Hcl 25mg Ca,25MG,PAMELOR,CAP
00093083205,clonazePAM 0.5mg Tablet,0.5MG,KLONOPIN,TAB
00093171301,Warfarin Sod 2mg Tablet,2MG,COUMADIN,TAB
00093171501,Warfarin Sod 3mg Tablet,3MG,COUMADIN,TAB
00093172110,Warfarin Sod 5mg Tablet,5MG,COUMADIN,TAB
00093172301,Warfarin Sod 7.5mg Tablet,7.5MG,COUMADIN,TAB
,,,PLETAL,TAB
00093220310,Metoclopramide 10mg Table,10MG,REGLAN,TAB
00093321205,Clonazepam 1mg Tab,1MG,KLONOPIN,TAB
00093321305,clonazePAM 2 MG Tablet,2 MG,KLONOPIN,TAB
00093360782,Flutic/Sal 55/14Resp Inh,55-14MCG,AIRDUO RESPICLICK,AER
00093360882,Flutic/Sal 113/14Resp Inh,113-14MCG,AIRDUO RESPICLICK,AER
00093360982,Flutic/Sal 232/14Resp Inh,232-14MCG,AIRDUO RESPICLICK,AER
00093598627,Epinephrine 0.3mg Inj 2pk,0.3MG,EPIPEN,INJ
00093720110,Pravastatin 20mg Tablet,20MG,PRAVACHOL,TAB
00093720210,Pravastatin 40mg Tablet,40MG,PRAVACHOL,TAB
00093735201,Calcitriol 0.25mcg Cap,0.25MCG,ROCALTROL,CAP
00093901865,cycloSPORINE 25mg Mod Cap,25MG MOD,NEORAL,CAP
00113030603,CLEARLAX  17GM/SCOOP  POW,3350 NF,MIRALAX,POW
00115166101,Propranolol 40mg Tablet,40MG,INDERAL,TAB
00115351101,Pyridostigmine 60mg Tab,60MG,MESTINON,TAB
00116106116,Dyna-Hex 4% Topical Sol.,4%,HIBICLENS,LIQ
00116200116,Chlorhex 0.12% Oral Rinse,0.12%,PERIDEX,SOLO
00116400516,Lactulose 10gm/15ml Sol,10 GM/15ML,DUPHALAC,SOLO
00121067585,Valproic Acid 250mg/5mL ,250MG/5ML,DEPAKENE,SOLO
00143924920,Amox/Clav 875mg/125mg Tab,875MG/125MG,AUGMENTIN,TAB
00143965901,Testosterone Cyp 200mg/ml,200MG/ML,,
00143980350,Doxycycline Hyc 100mg Cap,100MG,VIBRAMYCIN,CAP
00168002016,Hydrocortisone 1% Oint LB,1%,HYDROCORTISONE,OIN
00168008031,Hydrocortisone 2.5% Cream,2.5%,CORTIZONE,CRE
00168009915,Ketoconazole 2% Cream,2%,,
00169183311,NovoLIN R 100unit/ml Vi,U-100,INSULIN REGULAR HUMAN,INJ
00169183711,NovoLIN 70/30 100unit/ml,70/30,INSULIN ISOPHANE & REG (HUMAN),INJ
00172572880,Famotidine 20mg Tablet,20MG,PEPCID,TAB
00173087310,Incruse Ellipta 62.5mcg ,62.5MCG,UMECLIDINIUM,AER
00173088710,Trelegy Ellipta 100 Aer,100-62.5-25M,FLUTICASONE/UMECLIDIN/VILANTER,AER
00173089310,Trelegy Ellipta 200 Aer,200-62.5-25M,FLUTICASONE/UMECLIDIN/VILANTER,AER
00185012901,Bumetanide 1mg Tablet,1MG,BUMEX,TAB
00185067405,HydrOXYzine Pam 25mg Cap,25MG,VISTARIL,CAP
00185067605,HydrOXYzine Pam 50mg Cap,50MG,VISTARIL,CAP
00228212710,cloNIDine 0.1mg Tablet,0.1MG,CATAPRES,TAB
00228212750,cloNIDine 0.1mg Tablet,0.1MG,CATAPRES,TAB
00228300311,clonazePAM 0.5mg Tablet,0.5MG,KLONOPIN,TAB
,,,CHLORHEXIDINE GLUCONATE,LIQ
00310110530,Lokelma 5gm Pak,5GM,SODIUM ZIRCONIUM CYCLOSILICATE,POW
00310737020,Budes/Formot 160-4.5 Aer,160-4.5,SYMBICORT,AER
00310737220,Budes/Formot 80-4.5 Aer,80-4.5,SYMBICORT,AER
00316022360,Nystatin/Triamcin Cream,,MYCOLOG II,CRE
00338004904,"0.9% NSS Soln 1,000ml ",2B1324X,NSS SOLN INJECTABLE,INJ
,,,LACTATED RINGERS,INJ
00378004701,Metoprolol Tart 100mg Tab,100MG,LOPRESSOR,TAB
00378210005,Loperamide 2mg Capsule,2MG,,
00378551193,Olanzapine 10mg ODT,10MG ODT,ZYPREXA ZYDIS,TABD
00378623105,Citalopram 10mg Tablet,10MG,CELEXA,TAB
,,,DIOVAN HCT,TAB
00406048410,Acet/Cod 300mg/30mg Tab,300-30MG,,
00406622105,Methadone 10mg/5ml Soluti,10 MG/5ML,,SOLO
00406800503,Bupreno/Nalox 2/0.5mg Tab,2-0.5MG,SUBOXONE,SUB
00430042014,LO LOESTRIN FE* TABS,,,
00456046101,Armour Thyroid 120mg Tab,120MG,THYROID,TAB
00480145308,Risperidone 50mg Inj Kit,50MG,,
00480268806,Ticagrelor 60mg Tablet,60MG,BRILINTA,TAB
00517234010,Venofer 20mg/ml Vial,20MG/ML,IRON SUCROSE,INJ
00527128210,Dicyclomine 20mg Tablet,20MG,BENTYL,TAB
00527139601,Loxapine 25mg Capsule,25MG,LOXITANE,CAP
00527301248,Mesalamine 1.2gm DR Tab,1.2GM,LIALDA,TAB
00527411737,Propranolol SA 80mg Cap  ,80MG ER,,
00536104710,Sodium Bicarb 650mg Tab,650MG (10GR),,TAB
00536105224,Peg 3350  Powder,3350 NF,MIRALAX,POW
00536105227,Peg 3350  Powder,3350 NF,MIRALAX,POW
00536117201,Acetaminophen 500mg Tab,500MG,GENAPAP,TAB
00536129710,Meclizine 12.5mg Tablet,12.5MG,ANTIVERT,TAB
00536129901,Meclizine 25mg Chew Tab,25MG,ANTIVERT,CHW
00536129910,Meclizine 25mg Chew Tab,25MG,ANTIVERT,CHW
00536131983,"Milk Of Mag 1,200/15 Susp",1200/15ML,,SUS
00536132601,Pain Reliever Plus Tabs,250-250-65MG,EXCEDRIN,TAB
00536199553,Selenium 1% Sulf Shampoo ,1%,SELSUN BLUE,SHA
00536408501,Prenatal Vits 28-0.8mg Tb,28-0.8MG,,TAB
00548585000,Glucagon Emergency Kit ,1MG,,
00555030204,HydrOXYzine Pam 50mg Cap,50MG,VISTARIL,CAP
00555032402,HydrOXYzine Pam 100mg Cap,100MG,VISTARIL,CAP
00555057202,Methotrexate 2.5mg Tablet,2.5MG,,
00574006930,Glutose 15 Gel,40%,GLUCOSE,MIS
00591037201,Loxapine 50mg Capsule,50MG,LOXITANE,CAP
00591042405,Triam/Hctz 37.5/25 Tab ,37.5-25,MAXZIDE-25,TAB
00591533510,Trihexyphenidyl 2mg Tab,2MG,ARTANE,TAB
00591533710,Trihexyphenidyl 5mg Tab,5MG,ARTANE,TAB
00591544201,PredniSONE 10mg Tablet,10MG,DELTASONE,TAB
00597008717,Atrovent HFA Inhaler,17MCG,IPRATROPIUM BROMIDE HFA,AER
00597010061,Spiriva Resp 2.5mcg Inh,2.5MCG,TIOTROPIUM BROMIDE,AER
00597015290,Jardiance 10mg Tablet,10MG,EMPAGLIFLOZIN,TAB
00597015330,Jardiance 25mg Tablet,25MG,EMPAGLIFLOZIN,TAB
00641037625,Diphenhyd. 50mg/ml vial,50MG/ML,BENADRYL,INJ
00781210301,Tacrolimus 1mg Capsule,1MG,PROGRAF,CAP
00781261305,Amoxicillin 500mg Capsule,500MG,AMOXIL,CAP
00781286810,Omeprazole 20mg Capsule,20MG,PRILOSEC,CAP
00781315972,Olanzapine 10mg Inj,10MG,ZYPREXA IM,INJ
00781320795,cefTRIAXone 500mg Vial,500MG,ROCEPHIN,INJ
00781729685,Albuterol HFA Inhaler,HFA,PROVENTIL HFA,AER
00781910572,Olanzapine 10mg Inj,10MG,ZYPREXA,INJ
00904052360,Vitamin C 500mg Tablet,500MG,ASCORBIC ACID,TAB
00904208560,"Vit A 10,000U(3,000mcg)Cp","10,000UNITS",,CAP
00904386575,Deep Sea Nasal  Spray,0.65%,SALINE,SPR
00904530760,diphenhydrAMINE 50mg Cap,50MG,BENADRYL,CAP
00904530780,diphenhydrAMINE 50mg Cap,50MG,BENADRYL,CAP
00904531360,Prenatal Tab 27-0.8mg,27-0.8,PRENATAL MULTIVITAMIN/IRON,TAB
00904573182,Petroleum Jelly,JELLY,,OIN
00904641292,Calc. Antac Assort Tabs,500MG,TUMS,CHW
00904662735,Carbamide Perx 6.5% Otic,6.5%,DEBROX,DRO
00904673080,Acetaminophen 500mg Tab,500MG,TYLENOL,TAB
00904698516,Diphenhydrm 12.5/5ml Soln,12.5/5ML,,
00904720660,Simethicone 80mg Chew Tab,80 MG,MAALOX ANTI-GAS,CHW
00904723760,Banophen 25mg Capsule,25 MG,BENADRYL,CAP
00904723780,Banophen 25mg Capsule,25 MG,BENADRYL,CAP
00904723860,"Fish Oil 1,000mg Capsule","1,000MG",OMEGA-3,CAP
00904728080,Docusate Sod 100mg Cap,100 MG,COLACE,CAP
00904734920,Lice Killing Shampoo Max,SHAMPOO,PRONTO,SHA
00904741844,Magnesium Citrate Sol,1.745 GM/30M,CITROMA,SOLO
00904747835,Carbamide Perx 6.5% Otic,6.5 %,DEBROX,DRO
00904759180,Ferrous Sulfate 325mg Tab,325MG,FEOSOL,TAB
00904772512,Anti-Diarrheal 2mg Tab UD,2MG (12CT),IMODIUM A-D,TABU
05734075850,Centrum Silver Mens 50+Tb,50+,,TAB
10006070011,Vitamin B-1 100mg Tablet,100MG,THIAMINE MONONITRATE,TAB
10006070022,"Vitamin B-12 1,000mcg Tab","1,000MCG",CYANOCOBALAMIN,TAB
10006073016,Vitamin B-6 50mg Tablet,50MG,PYRIDOXINE,TAB
10006073038,Magnesium Oxide 400mg Tab,400MG,MAG-OX 400,TAB
10006073118,Reguloid Orange SF Powder,51.7%,REGULOID,POW
10119005421,Boston Advance Cleaner,,BOSTON ADVANCE CLEANER,SOL
10119005609,Boston Adv. Conditioner,CONDITIONER,GAS PERMEABLE LENS COND.,SOL
10702020110,Oxybutynin 5mg Tablet,5MG,DITROPAN,TAB
11523715702,Claritin 10mg Redi-tabs,10MG,LORATADINE,TABU
11701003133,Triad Wound Drsng Paste,DRESSING,,MIS
12345040222,Ensure Active Liq,,,LIQ
13107008499,LORazepam 1mg Tablet,1MG,ATIVAN,TAB
13668001005,Citalopram 20mg Tablet,20MG,CELEXA,TAB
13668008830,Olanzapine ODT 10mg Tab,10MG ODT,ZYPREXA ZYDIS,TABD
13668010410,Isosorbide MN ER 30mg Tab,30MG ER,IMDUR,TAB
13668033205,traZODone 150mg Tablet,150 MG,DESYREL,TAB
13668033301,traZODone 300mg Tablets,300MG,DESYREL,TAB
13668048750,Minocycline 100mg Tab,100MG,DYNACIN,TAB
13668059501,Nystatin Cream,100000 UNIT/,MYCOSTATIN,CRE
13668059502,"Nystatin 100,000 UNIT CRM",100000 UNIT/,MYCOSTATIN,CRE
14539067505,HydrOXYzine Pam 50mg Cap,50MG,VISTARIL,CAP
16103036611,Aspirin 81mg Chew Tab,81MG,BAYER CHILDRENS ASPIRIN,CHW
16500058694,One-a-day Mens Tablet,,,TAB
16571010610,Amitriptyline 25mg Tablet,25MG,ELAVIL,TAB
16571010710,Amitriptyline 50mg Tablet,50MG,ELAVIL,TAB
16571010901,Amitriptyline 100mgTablet,100MG,ELAVIL,TAB
16571011410,HydrOXYzine HCl 25mg Tab,25MG,ATARAX,TAB
16571011510,HydrOXYzine HCl 50mg Tab,50MG,ATARAX,TAB
16571068001,carBAMazepine ER 100mgTab,100MG ER,TEGRETOL XR,TAB
16571068201,carBAMazepine ER 400mg Ta,400MG ER,TEGRETOL XR,TAB
16571072010,Quetiapine 200mg Tablet,200MG,SEROQUEL,TAB
16571072110,Quetiapine 300mg Tablet,300MG,SEROQUEL,TAB
16571072250,QUEtiapine 400mg Tablet,400MG,SEROQUEL,TAB
16571075510,Escitalopram 5mg Tablet,5MG,LEXAPRO,TAB
16571075610,Escitalopram 10mg Tablet,10MG,LEXAPRO,TAB
16571075710,Escitalopram 20mg Tablet,20MG,LEXAPRO,TAB
16571077810,Donepezil 5mg Tablet,5MG,ARICEPT,TAB
16571080901,Quetiapine 150mg Tablet,150MG,,TAB
16571086350,buPROPion XL 300mg Tablet,300MG XL,WELLBUTRIN XL,TAB
16714000801,Isosorbide DN 10mg Tab,10MG,ISORDIL TITRADOSE,TAB
16714011002,Hydroxychloroq. 200mg Tab,200MG,PLAQUENIL,TAB
16714011202,FLUoxetine 10mg Tablet,10MG,PROZAC,TAB
16714079601,SUMAtriptan 25mg Tablet,25MG,IMITREX,TABU
16714079701,SUMAtriptan 50mg Tablet,50MG,,
16714079904,Cetirizine 10mg Tablet,10MG,ZYRTEC,TAB
16714081303,Ezetimibe 10mg Tablet,10MG,ZETIA,TAB
16714089502,glipiZIDE ER 5mg Tablet,5MG,GLUCOTROL XL,TAB
16729003415,Letrozole 2.5mg Tablet,2.5 MG,FEMARA,TAB
16729003516,Anastrozole 1mg Tablet,1MG,,
16729017117,Amitriptyline*10mg*Tab,10MG,ELAVIL,TAB
16729029315,Eplerenone 25mg Tablet,25MG,INSPRA,TAB
,,,WELLBUTRIN XL,TAB
16729044717,Levothyroxine 25mcg Tab,25MCG,LEVOTHROID,TAB
16729044817,Levothyroxine 50mcg Tab,50MCG,LEVOTHROID,TAB
16729044917,Levothyroxine 75mcg Tab,75MCG,LEVOTHROID,TAB
16729045017,Levothyroxine 88mcg Tab,88MCG,LEVOTHROID,TAB
16729045117,Levothyroxine 100mcg Tab,100MCG,LEVOTHROID,TAB
16729045217,Levothyroxine 112mcg Tab,112MCG,LEVOTHROID,TAB
16729045317,Levothyroxine 125mcg Tab,125MCG,LEVOTHROID,TAB
16729045417,Levothyroxine 137mcg Tab,137MCG,LEVOTHROID,TAB
16729045517,Levothyroxine 150mcg Tab,150MCG,LEVOTHROID,TAB
16729045617,Levothyroxine 175mcg Tab,175MCG,LEVOTHROID,TAB
16729045717,Levothyroxine 200mcg Tab,200MCG,LEVOTHROID,TAB
17433987705,ENEMEEZ PLUS ENE 20-283,20-283 MG,,MIS
21922001607,Clobetasol 0.05% Cream,0.05 %,,
21922001704,Clobetasol 0.05% Ointment,0.05 %,TEMOVATE,OIN
,,,TEMOVATE,OIN
23155000310,hydrALAZINE 50mg Tablet,50MG,APRESOLINE,TAB
23155000401,hydrALAZINE *100mg* Tab,100MG,APRESOLINE,TAB
23155000810,HCTZ 25mg Tablet,25MG,HYDRODIURIL,TAB
23155007001,Methimazole 5mg Tablet,5MG,TAPAZOLE,TAB
23155007101,Methimazole 10mg Tablet,10MG,TAPAZOLE,TAB
23155010201,metFORMIN 500mg Tablet,500MG,GLUCOPHAGE,TAB
23155053102,Calc ACETATE 667mg Caps,667MG,PHOSLO,CAP
23155060601,Glycopyrrolate 1mg Tablet,1MG,ROBINUL,TAB
23155075705,Sertraline 25mg Tablet,25MG,ZOLOFT,TAB
23155083410,hydrALAZINE 50mg Tablet,50MG,APRESOLINE,TAB
23155083501,hydrALAZINE *100mg* Tab,100MG,APRESOLINE,TAB
23155086501,Griseofulvin 500mg Tablet,500 MG,GRIFULVIN V,TAB
23155087301,Torsemide 20mg Tablet,20MG,DEMADEX,TAB
23155087401,Torsemide 100mg Tablet,100MG,DEMADEX,TAB
24208048610,Dorzolamide/Timolol OPL,2%-0.5%,COSOPT,SOL
24208083060,Neo/Poly/Dex Opth Susp,0.1% OP,MAXITROL,SUSO
24208091055,Erythromycin Ophth Oint,5MG/GM,ILOTYCIN,OINO
24470091108,Benz Perox Wash 2.5% Liq,2.5%,BENZOYL PEROXIDE,LIQ
24979002602,Diltiazem CD 120mg Cap,120MG CD,CARDIZEM CD,CAP
24979013601,fluPHENAZine 1mg Tablet,1MG,PROLIXIN,TAB
24979013701,fluPHENAZine 2.5mg Tablet,2.5MG,PERMITIL,TAB
24979020003,Dicyclomine 20mg Tablet,20MG,BENTYL,TAB
24979020103,Dicyclomine 10mg Capsule,10MG,BENTYL,CAP
24979053601,Guanfacine 3mg ER Tab,3MG ER,INTUNIV,TAB
27241000150,risperiDONE 1mg Tablet,1MG,RISPERDAL,TAB
27241000350,risperiDONE 0.5mg Tablet,0.5MG,RISPERDAL,TAB
27241000450,risperiDONE 2mg Tablet,2MG,RISPERDAL,TAB
27241000550,risperiDONE 3mg Tab,3MG,RISPERDAL,TAB
27241000650,risperiDONE 4mg Tablet,4MG,RISPERDAL,TAB
27241009706,Duloxetine 20mg DR Cap,20MG,CYMBALTA,CAP
27241009810,Duloxetine 30mg Cap,30MG,CYMBALTA,CAP
27241009990,Duloxetine 60mg DR Cap,60MG,CYMBALTA,CAP
27241012505,Ranolazine 500mg ER Tab,500MG ER,RANEXA,TAB
27241025201,FluPHENAZine 10mg Tablet,10MG,PERMITIL,TAB
27241025301,fluPHENAZine 5mg Tablet,5MG,PERMITIL,TAB
27808022301,Paliperidone ER 3mg Tab,3MG ER,INVEGA,TAB
27808022401,Paliperidone ER 6mg Tab,6MG ER,INVEGA,TAB
27808022501,Paliperidone ER 9mg Tab,9MG ER,INVEGA,TAB
27808023302,Doxycycline Hyc 100mg Cap,100 MG,VIBRAMYCIN,CAP
27808026302,LevETIRAcetam 250mg Tab,250MG,KEPPRA,TAB
27808026402,LevETIRAcetam 500mg Tab,500MG,KEPPRA,TAB
27808026502,LevETIRAcetam 750mg Tab,750MG,KEPPRA,TAB
27808026601,"LevETIRAcetam 1,000mg Tab",1000MG,KEPPRA,TAB
29033000301,Sucralfate 1gm Tablet,1 GM,CARAFATE,TAB
29300011105,LamoTRIgine 25mg Tablet,25MG,LAMICTAL,TAB
29300011305,LamoTRIgine 150mg Tab,150MG,LAMICTAL,TAB
29300011405,LamoTRIgine 200mg TAB,200MG,LAMICTAL,TAB
29300012410,Meloxicam 7.5mg Tab,7.5MG,MOBIC,TAB
29300012601,Bisoprolol 5mg Tablet,5MG,ZEBETA,TAB
29300014710,QUEtiapine 25mg Tablet,25MG,SEROQUEL,TAB
29300014810,Quetiapine 50mg Tablet,50MG,SEROQUEL,TAB
29300022705,MetroNIDazole 500mg Tab,500MG,FLAGYL,TAB
29300024405,busPIRone 5mg Tablet,5 MG,BUSPAR,TAB
29300024505,busPIRone 10mg Tablet,10 MG,BUSPAR,TAB
29300034310,Baclofen 10mg Tablet,10MG,LIORESAL,TAB
29300034905,Allopurinol 100mg Tablet,100 MG,ZYLOPRIM,TAB
29300035005,Allopurinol 300mg Tablet,300MG,ZYLOPRIM,TAB
29300039710,amLODIPine 5mg Tablet,5MG,NORVASC,TAB
29300041305,Cyclobenzaprine 5mg Tab,5MG,FLEXERIL,TAB
29300043001,Zonisamide 100mg Capsule,100MG,ZONEGRAN,CAP
29300046805,cloNIDine 0.1mg Tablet,0.1 MG,CATAPRES,TAB
29300047705,busPIRone 15mg Tablet,15MG,BUSPAR,TAB
29300047805,busPIRone 30mg Tablet,30MG,BUSPAR,TAB
31604002718,"Vitamin B12 2,500mcg Tabs","2,500MCG",,
31604002732,"Vit B-12  1,000mcg Cap","1,000MCG",,CAP
31722001810,Famotidine 40mg Tablet,40 MG,PEPCID,TAB
31722006705,buPROPion-SR 150mg Tab,150MG SR,WELLBUTRIN SR,TAB
31722010330,Cinacalcet 30mg Tablet,30MG,SENSIPAR,TAB
31722015490,Valsartan 320mg Tablet,320 MG,DIOVAN,TAB
31722025305,Allopurinol 300mg Tablet,300MG,ZYLOPRIM,TAB
31722030801,OLANZapine 10mg Inj,10MG,,
31722042410,Atorvastatin 10mg Tablet,10MG,LIPITOR,TAB
31722052010,hydrALAZINE 25mg Tablet,25MG,APRESOLINE,TAB
31722053705,LevETIRAcetam 500mg Tab,500MG,KEPPRA,TAB
31722053805,LevETIRAcetam 750mg Tab,750MG,KEPPRA,TAB
31722059690,Fenofibrate 145mg Tablet,145MG,TRICOR,TAB
31722062260,Dabigatran 150mg UD Cap,150MG,PRADAXA,CAPU
31722062921,Atovaquone 750/5ml Susp,750/5ML,MEPRON,SUS
31722070010,Losartan 25mg Tablet,25MG,COZAAR,TAB
31722072250,Levofloxacin 500mg Tablet,500MG,LEVAQUIN,TAB
31722072320,Levofloxacin 750mg Tablet,750MG,LEVAQUIN,TAB
31722072610,Montelukast 10mg Tablet,10MG,SINGULAIR,TAB
31722077701,Acyclovir 400mg Tablet,400MG,ZOVIRAX,TAB
31722077805,Acyclovir 800mg Tablet,800MG,ZOVIRAX,TAB
33342006844,Olanzapine 5mg Tablet,5MG,ZYPREXA,TAB
33342014409,Ziprasidone 20mg Capsule,20MG,GEODON,CAP
33342014509,Ziprasidone 40mg Capsule,40MG,GEODON,CAP
33342024165,Sevelamer Hcl 400mg Tab,400 MG,RENAGEL,TAB
33342024257,Sevelamer *HCL* 800mg Tab,800MG,RENAGEL,TAB
33342029815,Memantine 10mg Tablet,10MG,NAMENDA,TAB
33342042107,Lurasidone 60mg Tab,60 MG,LATUDA,TAB
33342042207,Lurasidone 80mg Tab,80 MG,LATUDA,TAB
35515090127,Bismatrol 262/15ml Susp,262/15ML,,
37000002306,Metamucil Orange Powder,28.3% ORNG,METAMUCIL SUNRISE,POW
37000074084,Metamucil Pwd. SF Orange,58.6%ORG,PSYLLIUM,POW
39328006325,Hysept 0.25% Solution,0.25%,DAKINS (1/2 STRENGTH),SOLT
39328010610,Prenatal Plus 27-1mg Tab,27-1MG,PRENATAL/FOLIC ACID,TAB
40985022872,"Fish Oil 1,000mg Capsule",1000MG,OMEGA-3,CAP
40985022928,Acidophilus Probiotic Cap,HIGH-POT,PRO-FLORA CONCENTRATE,CAP
40985025073,"Vitamin D2 2,000unit Caps","2,000UNIT",,
,,,CHOLECALCIFEROL,CAP
41100081117,Afrin SevereCong Nas Spry,0.05%,OXYMETAZOLINE,SPR
42192033101,NP Thyroid 90mg Tablet,90MG,ARMOUR THYROID,TAB
42385095330,Emtr/tenofov 200-300 Tab,200-300 MG,Truvada,TAB
42571016101,Amox/Clav 500mg/125mg Tab,500MG/125MG,AUGMENTIN,TAB
42571016201,Amox/Clav 875mg/125mg Tab,875MG/125MG,AUGMENTIN,TAB
42794001812,Liothyronine 5mcg Tablet,5MCG,CYTOMEL,TAB
42799080601,Ivermectin 3mg Tablet,3MG,,
42799095902,Isosorb MN 60mg ER Tab,60MG ER,IMDUR,TAB
42806060110,Venlafaxine ER 37.5mg Cap,37.5MG,EFFEXOR XR,CAP
42806060210,Venlafaxine ER 75mg Cap,75MG ER,EFFEXOR XR,CAP
42806060305,Venlafaxine ER 150mg Cap,150MG,EFFEXOR XR,CAP
43292012345,Vitamin B-1 100mg Tablet,100MG,THIAMINE MONONITRATE,TAB
43292050022,ACIDOPHILUS  CAP,,,CAP
43292055606,Calcium Citrate 250mg Tab,250MG,,TAB
43547005103,Tadalafil 20mg Tablet,20MG,CIALIS,TAB
43547027611,Donepezil 10mg Tablet,10MG,ARICEPT,TAB
43547033750,Benazepril 20mg Tablet,20MG,LOTENSIN,TAB
43547040711,clonazePAM 1mg Tablet,1MG,,
43547042150,Lisinopril-HCTZ 20/12.5mg,20-12.5 MG,PRINZIDE,TAB
43547042309,Losartan/HCTZ 50-12.5 Tab,50-12.5 MG,HYZAAR,TAB
43547042411,Losartan/HCTZ 100-25 Tab,100-25MG,HYZAAR,TAB
43547042511,Losart/HCTZ 100-12.5 Tab,100-12.5 MG,HYZAAR,TAB
43547052709,Nebivolol 20mg Tablet,20MG,BYSTOLIC,TAB
43547068950,Ciprofloxacin 500mg Tab,500MG,CIPRO,TAB
43598013301,Hydroxychloroq 100mg Tab,100MG,,TAB
43598016505,Olanzapine 7.5mg Tablet,7.5MG,ZYPREXA,TAB
43598016605,Olanzapine 10mg Tablet,10MG,ZYPREXA,TAB
43598021050,SSD 1% Cream,1%,SILVADENE,CRE
43598035230,Lurasidone 40mg Tablets,40MG,LATUDA,TAB
43598081115,Cetirizine 10mg Tablet,10MG,ZYRTEC,TAB
43598086360,buPROPion SR 150mg Tb smk,150MG,ZYBAN,TAB
43900018215,Boost VHC Vanilla Liq,VANILLA,,LIQO
43975035103,Paliperidone ER 6mg Tab,6MG ER,INVEGA,TAB
45802005536,Triamcinolone 0.1% Oint,0.1%,ARISTOCORT A,OIN
45802006435,Triamcinolone 0.1% Cream,0.1%,ARISTOCORT ,CRE
45802006436,Triamcinolone 0.1% Cream,0.1%,ARISTOCORT ,CRE
45802011222,Mupirocin 2% Ointment,2%,BACTROBAN,OIN
45802052555,Ammonium Lact 12% Lot,12%,LAC-HYDRIN,LOT
45802093716,Hydrocortisone 2.5% Lot,2.5%,HYTONE,LOT
47335023783,Ambrisentan 10mg Tablet,10MG,LETAIRIS,TAB
47335032688,Naltrexone 50mg Tablet,50MG,REVIA,TAB
47335070354,Albuterol 0.083% INH UD,0.083%,PROVENTIL,NEB
47335075649,Iprat/Albuterol. Sol UD,0.5-2.5 (3) ,DuoNeb,NEB
47682017564,Apap 500mg Tab U/D 24,500MG,TYLENOL EXTRA STRENGTH,TAB
49483000310,Bisacodyl 5mg Tablet EC,5 MG EC,DULCOLAX EC,TAB
49483008010,Senna 8.6mg Tablet,8.6MG,SENOKOT,TAB
49483033110,Aspirin EC 325mg Tablet ,325MG EC,ECOTRIN,TAB
49483048110,Aspir-low 81mg EC Tablet,81MG EC,BAYER LOW STRENGTH,TAB
49702022813,Tivicay 50mg Tablet,50MG,DOLUTEGRAVIR,TAB
49702023113,Triumeq 600-50-300 Tablet,600-50-300MG,ABACAVIR/DOLUTGRAV/LAMIVUDINE,TAB
49702024613,Dovato 50-300mg Tablet,50-300MG,DOLUTEGRAVIR SODIUM/LAMIVUDINE,TAB
49702025018,Rukobia 600mg ER Tablet,600MG ER,FOSTEMSAVIR TROMETHAMINE,TAB
49884000910,Isosorbide DN 30mg Tab,30MG,ISORDIL TITRADOSE,TAB
49884025601,Minoxidil 2.5mg Tablet,2.5MG,LONITEN,TAB
49884051101,Minocycline 50mg Tablet,50MG,MYRAC,TAB
50111033401,MetroNIDazole 500mg Tab,500MG,FLAGYL,TAB
50111056003,traZODone 50mg Tablet,50MG,DESYREL,TAB
50111056103,traZODone 100mg Tab,100MG,DESYREL,TAB
50111091601,Torsemide 10mg Tablet,10MG,DEMADEX,TAB
50228011310,FLUoxetine 10mg Capsule,10MG,PROZAC,CAP
50228011505,FLUoxetine 40mg Capsule,40 MG,PROZAC,CAP
50228012405,Clopidogrel 75mg Tablet,75MG,Plavix,TAB
50228012410,Clopidogrel 75mg Tablet,75MG,PLAVIX,TAB
50228014505,buPROPion HCl ER (XL) 300,300 MG,,
50228014610,HCTZ 12.5mg Capsule,12.5MG,MICROZIDE,CAP
50228018310,hydrALAZINE 25mg Tablet,25MG,APRESOLINE,TAB
50228038360,Quetiapine ER 300mg Tab,300MG ER,SEROQUEL XR,TAB
50228043605,Naproxen 500mg Tablet,500MG,NAPROSYN,TAB
50458056201,Invega Sust 117mg /0.75ml,117/0.75,,
50458056301,Invega Sust 156mg/ml Syr,156MG/ML,,
50458056401,Invega Sust 234/1.5 Syrin,234/1.5,,
50458057930,Xarelto 20mg Tablet,20MG,RIVAROXABAN,TAB
50742026003,NIFEdipine ER 30mg Tablet,30MG ER,PROCARDIA XL,TAB
50742026103,NIFEdipine XL 60mg Tab,60MG ER,PROCARDIA XL,TAB
50742026201,NIFEdipine XL 90mg Tab,90MG ER,PROCARDIA XL,TAB
50742050510,SCOPOLAMINE  DIS 1MG/3DAY,1MG/3DAY,,
50742062201,NIFEdipine *CC* 90mg Tab,90MG ER,ADALAT CC,TAB
50742063360,Metformin ER 500mg Tablet,500MG ER,FORTAMET,TAB
50804011001,Artificial Tears Solution,TEARS,MURINE TEARS FOR DRY EYES,DRO
50804016001,GoodSense Ultra Lubricant,0.4-0.3 %,SYSTANE,DRO
51079088120,clonazePAM 0.5mg Tab UD,0.5MG,,
51660002927,Omeprazole 20mg Dr Tab,20MG DR,PRILOSEC,TAB
51660012312,Anti-Diarrheal 2mg Tab UD,2MG (12CT),IMODIUM A-D,TABU
51672127501,Clotrimazole 1% Cream,1%,LOTRIMIN,CRE
51672127506,Clotrimazole 1% Cream,1%,LOTRIMIN,CRE
51672128202,Triamcinolone 0.1% Cream,0.1%,ARISTOCORT ,CRE
51672128401,Triamcinolone 0.1% Oint,0.1%,ARISTOCORT A,OIN
51672131201,Mupirocin 2% Ointment,2%,BACTROBAN,OIN
51672200201,Clotrimazole 1% Crm 15g,1%,,
51672201002,Hydrocortisone 0.5% Cream,0.5%,HYTONE,CRE
51672203506,Miconazole 2% Vag Cream,2%,MONISTAT 7,CREV
51672208001,Terbinafine 1% Cream,1%,LAMISIL 1% CREAM,CRE
51672400202,Nortriptyline 25mg Cap,25MG,PAMELOR,CAP
51672400402,Nortriptyline 75mg Cap,75MG,PAMELOR,CAP
51672404501,Enalapr/HCTZ 5/12.5 Tab,5-12.5MG,VASERETIC,TAB
51672404601,Enalapr/HCTZ 10/25 Tab,10-25MG,VASERETIC,TAB
51672411103,Phenytoin ER 100mg Cap,100MG,DILANTIN,CAP
51824000105,Tolnaftate 1% Cream,1%,,
51824000703,Muscle Rub Cream,,ICY HOT EXTRA STRENGTH,CRE
51824003215,Zinc Oxide 20% w/w Oint,20 %,,OIN
51824003305,Vitamins A & D Ointment,,PERI-CARE,OIN
51824003315,A&D Ointment-15OZ,,FP VITAMIN A & D,OIN
51824004140,White Petrolatum Ointment,WHITE,VASELINE,OIN
51824006301,Clotrimazole 1% Cream,1%,LOTRIMIN,CRE
51991029205,OXcarbazepine 150mg Tab,150MG,TRILEPTAL,TAB
51991029305,OXcarbazepine 300mg Tab,300MG,TRILEPTAL,TAB
51991029405,OXcarbazepine 600mg Tab,600MG,TRILEPTAL,TAB
51991081701,Propranolol HCl ER 60mg C,60MG ER,INDERAL LA,CAP
51991081801,Propranolol SA 80mg Cap  ,80MG ER,,
52015008001,Dificid 200mg Tablet,200MG,,
52817025000,Metoprolol Tart 25mg Tab,25MG,LOPRESSOR,TAB
52817032100,Baclofen 20mg Tablet,20MG,LIORESAL,TAB
53746054501,Primidone 250mg Tablet,250MG,MYSOLINE,TAB
54629001893,Omega-3 1000mg Capsule,1000 MG,MAREPA,CAP
54629005701,Vitamin B-1 100mg Tablet,100MG,THIAMINE MONONITRATE,TAB
54629056001,B-Complex Vitamin Cap,,,CAP
54838050140,Haloperidol 2mg/ml Conc,2MG/ML,HALDOL,CON
55111015810,Omeprazole 20mg Capsule,20MG,PRILOSEC,CAP
55111016705,Olanzapine 15mg Tablet,15MG,ZYPREXA,TAB
55111016805,Olanzapine 20mg Tablet,20MG,ZYPREXA,TAB
55111025760,Ziprasidone 40mg Capsule,40MG,GEODON,CAP
55111025860,Ziprasidone 60mg Capsule,60MG,GEODON,CAP
55111025960,Ziprasidone 80mg Capsule,80MG,GEODON,CAP
55111064410,Omeprazole 20mg Capsule,20 MG,PRILOSEC,CAP
55111078927,Sevelamer *CARB 800mg Tab,800MG,RENVELA,TAB
55505019240,Nizoral A-D 1% Shampoo,1%,KETOCONAZOLE,SHA
,,,APREMILAST,TAB
55513014410,"Epogen 10,000unit/ml Vial","10,000/ML",EPOETIN ALFA,INJ
55513014810,"Epogen 4,000unit/ml Inj","4,000/ML",EPOETIN ALFA,INJ
57237000601,Fluconazole 200mg Tablet,200MG,DIFLUCAN,TAB
57237000805,Mirtazapine 15mg Tablet,15MG,REMERON,TAB
57237000905,Mirtazapine 30mg Tablet,30MG,REMERON,TAB
57237001005,Mirtazapine 45mg Tablet,45MG,REMERON,TAB
57237001999,Duloxetine DR 60mg Cap,60MG,CYMBALTA,CAP
57237004290,Valacyclovir 500mg Tablet,500MG,VALTREX,TAB
57237004705,Divalproex DR 250mg Tab,250MG DR,DEPAKOTE,TAB
57237004805,Divalproex DR 500mg Tab,500MG DR,DEPAKOTE,TAB
57237010199,Metoprolol Tart 50mg Tab,50MG,LOPRESSOR,TAB
57237010601,Divalproex DR 125mg Tab,125MG DR,DEPAKOTE,TAB
57237017301,Venlafaxine 37.5mg Tablet,37.5MG,EFFEXOR,TAB
57237017501,Venlafaxine 75mg Tablet,75MG,EFFEXOR,TAB
57237017601,Venlafaxine 100mg Tablet,100MG,EFFEXOR,TAB
57237018090,Pramipexole 0.125mg Tab,0.125MG,MIRAPEX,TAB
57237018290,Pramipexole 0.5mg Tablet,0.5MG,MIRAPEX,TAB
57237022005,Pioglitazone 30mg Tablet,30MG,ACTOS,TAB
57237023301,Sulfatrim 800-160 DS Tab,800-160MG,BACTRIM DS,TAB
57237023305,Sulfatrim 800-160 DS Tab,800-160,BACTRIM DS,TAB
57664037708,traMADol 50mg Tablet,50MG,ULTRAM,TAB
57664037718,traMADol 50mg Tablet,50MG,ULTRAM,TAB
57896013905,Oral Pain Relief 20% Gel,20 %,,
57896018105,Artificial Tears Drops,0.2-0.2-1%,,DRO
57896020101,Acetaminophen 500mg Tab,500MG,TYLENOL,TAB
57896021901,Acetaminophen 500mg Tab,500MG,PANADOL,TAB
57896062912,Geri-Lanta Antacid Susp,200-200-20MG,MYLANTA/MAALOX,SUS
57896064916,Milk Of Mag Susp,400MG/5ML,PHILLIPS MILK OF MAGNESIA,SUS
57896071401,guaiFENesin 400mg Tablet,400MG,ALLFEN JR,TAB
57896085401,Vitamin B-6 100mg Tablet,100MG,PYRIDOXINE HCL,TAB
,,,,TAB
57896086501,Zinc Sulf 220mg Tablet,220MG,ZINC SULFATE 220MG TAB,TAB
57896090110,Aspirin 325mg Tablet,325MG,BAYER ASPIRIN,TAB
57896092110,Aspirin EC 325mg Tablet ,325MG EC,ECOTRIN,TAB
58657015110,Folic Acid 1mg Tablet,1MG,FOLATE,TAB
58657017001,M-Natal Plus Tablet,27-1MG,PRENATAL/FOLIC ACID/IRON,TAB
58657048903,Urea 40% Cream,40%,CARMOL 40,CRE
58657064850,CloNIDine 0.2mg Tablet,0.2MG,CATAPRES,TAB
58657070201,Haloperidol 2mg Tablet,2MG,HALDOL,TAB
58657070310,Haloperidol 5mg Tablets,5MG,HALDOL,TAB
58657070401,Haloperidol 10mg Tablet,10MG,HALDOL,TAB
59148007280,Abilify Maint 400mg Syrin,400MG,,
59148023212,Abilify Maint. 300mg Vial,300MG,,
59148024512,Abilify Maint. 400mg Vial,400 MG,,
59310030480,Qvar Redihaler 80mcg Inh,80MCG,BECLOMETHASONE DIPROPIONATE,AER
59651025001,Desmopressin 0.2mg Tablet,0.2MG,DDAVP,TAB
59651039001,busPIRone 7.5mg Tablet,7.5MG,VANSPAR,TAB
59651039599,Baclofen 20mg Tablet,20 MG,LIORESAL,TAB
59651041401,Hydrocortisone 10mg Tab,10MG,HYDROCORTONE,TAB
59651042101,Ursodiol 300mg Capsule,300MG,ACTIGALL,CAP
59651048501,PredniSONE 2.5mg Tablet,2.5MG,DELTASONE,TAB
59651057590,Fenofibrate 54mg Tablet,54MG,TRICOR,TAB
59651069105,Loperamide 2mg Capsule,2 MG,IMODIUM,CAP
59651078105,glipiZIDE ER 5 MG Tablet,5 MG,GLUCOTROL XL,TAB
59651084960,Rivaroxban 2.5mg Tab,2.5 MG,XARELTO,TAB
59651086705,Ciprofloxacin 500mg Tab,500 MG,CIPRO,TAB
59676057530,Prezcobix 800-150 Tablet,800-150,DARUNAVIR/COBICISTAT,TAB
59676080030,Symtuza Tablet,800-150-200-,DARUN/COBIC/EMTRIC/TENOF ALA,TAB
59746003022,risperiDONE-M 2mg Tab,2MG ODT,RISPERDAL M-TAB,TABD
59746017206,Prednisone 5mg Tab,5MG,DELTASONE,TAB
59746017210,PredniSONE 5mg Tablet,5MG,DELTASONE,TAB
59762005502,MedroxyPROGEST. 2.5mg Tab,2.5MG,PROVERA,TAB
59762040105,Sucralfate 1gm Tablet,1GM,CARAFATE,TAB
59762500005,SulfaSALAZINE 500mg Tab,500MG,AZULFIDINE,TAB
60219170805,PredniSONE 20mg Tablet,20 MG,ORASONE,TAB
60258019601,PRENATAL 19  TAB,,,TAB
60505014101,glipiZIDE 5mg Tablet,5MG,GLUCOTROL,TAB
60505014201,glipiZIDE 10mg Tablet,10MG,GLUCOTROL,TAB
60505015900,Sotalol 120mg Tablet,120MG,,
,,,PRAVACHOL,TAB
60505082901,Fluticasone 0.05% Nasal S,50MCG,FLONASE,SPR
60505311008,Olanzapine 2.5mg Tablet,2.5MG,ZYPREXA,TAB
60505311108,Olanzapine 5mg Tablet,5MG,ZYPREXA,TAB
60505327503,Olanzapine ODT 5mg Tab,5MG,ZYPREXA ZYDIS,TABD
60505327803,Olanzapine ODT 20mg Tab,20MG,ZYPREXA ZYDIS,TABD
60505613005,Ondansetron Hcl 4mg/2ml ,4MG/2ML,ZOFRAN,INJ
60505614804,cefTRIAXone 1gm Vial,1GM,,
60793070110,Bicillin LA 1.2munit/2ml,"1,200,000",,
61269050906,Pulmicort 90mcg Flexhaler,90MCG,BUDESONIDE,AER
61314014310,Brimonidine 0.2% Opth Sol,0.2% OP,ALPHAGAN,SOL
61314022605,Timolol 0.25% Opth Sol,0.25% OP,TIMOPTIC,SOL
61314054701,Latanoprost 0.005% OPL,0.005%,XALATAN,SOL
61314062810,Polymyxin/Trimeth OPL,TRIMETHP,POLYMIXIN B-TRIMETHOPRIM,SOL
61314063715,PrednisoLONE Ace 1% Opth ,1% OP,PRED FORTE,SUSO
61314065610,Ciprofloxacin 0.3% Opt So,0.3% OP,CILOXAN,SOL
61442010310,Diclofenac Sod 75mg DR T,75MG DR,VOLTAREN,TAB
61874011530,Vraylar 1.5mg Capsule,1.5MG,CARIPRAZINE ,CAP
61874014530,Vraylar 4.5mg Capsule,4.5MG,CARIPRAZINE,CAP
61924012408,Dermadaily Moistrizng Lot,,,
,,,AQUAPHOR,OIN
61958120101,Stribild Tablet,,ELVITEGRAVIR/COBICISTAT/EMTRICITABINE/TE,TAB
61958190101,Genvoya Caplet,150-150-200-,ELVIT/COBIC/EMTRIC/TENOF ALAF,TAB
61958200201,Descovy 200-25mg Tablet,200-25MG,EMTRICITABINE/TENOFOVIR ALAFEN,TAB
61958210101,Odefsey Tablets,200-25-25MG,EMTRICITAB/RILPIVIRINE/TENOFOVIR,TAB
61958230101,Vemlidy 25mg Tablet,25MG,TENOFOVIR ALAFENAMIDE,TAB
61958240101,Vosevi Tablet,400-100-100,SOFOSBUV/VELPATASV/VOXILAPREV,TABU
61958250101,Biktarvy Tablet,50-200-25,BICTEGRAV/EMTRICITAB/TENOF ALA,TAB
62332011231,Metoprolol Tart 25mg Tab,25 MG,LOPRESSOR,TAB
62332012731,buPROPion 100mg Tablet,100MG,WELLBUTRIN,TAB
62332017160,Lacosamide 50mg Tab,50MG,VIMPAT,TAB
62332017260,Lacosamide 100mg Tablet,100MG,VIMPAT,TAB
62559016001,Fluvoxamine 100mg Tablet,100MG,LUVOX,TAB
62559026616,Valproic Acid 250mg/5ml,250 MG/5ML,DEPAKENE,SOLO
63304035160,Lubiprostone 8mcg Capsule,8MCG,AMITIZA,CAP
,,,CLEOCIN,CAP
63323025803,Methylpred Sod 125mg inj,125MG,SOLU-MEDROL,INJ
63323046905,Haloperidol Dec 50mg/mL,50MG/ML,,
63323047410,Haloperidol 5mg/ml Mdv,5MG/ML,,
64380071104,LamiVUDine 300mg Tab,300MG,EPIVIR,TAB
64380072507,Mycophenolate 500mg Tab,500MG,CELLCEPT,TAB
64380078308,PredniSONE 5mg Tablet,5MG,ORASONE,TAB
64380078406,PredniSONE 10mg Tablet,10MG,DELTASONE,TAB
64380078408,PredniSONE 10mg Tablet,10 MG,ORASONE,TAB
64764073030,Trintellix 10mg Tablet,10MG,VORTIOXETINE,TAB
64764075030,Trintellix 20mg Tablet,20MG,VORTIOXETINE,TAB
64950021710,Isoniazid 300mg Tablet,300MG,NYDRAZID,TAB
64980012950,Floranex Tablet,,,TAB
64980020501,Lithium Carb ER 300mg Tab,300MG ER,LITHOBID,TAB
64980020905,Oxybutynin-ER 5mg Tablet,5MG ER,DITROPAN XL,TAB
64980021005,Oxybutynin-ER 10mg Tab ,10MG ER,DITROPAN XL,TAB
64980021101,Oxybutynin-ER 15mg Tablet,15MG ER,DITROPAN XL,TAB
64980027801,Lithium ER 450mg Tablet,450MG ER,ESKALITH CR,TAB
64980027903,glipiZIDE ER 2.5mg Tab,2.5MG,GLUCOTROL XL,TAB
64980028005,glipiZIDE ER 5mg Tablet,5MG,GLUCOTROL XL,TAB
,,,LASIX,TAB
65162041503,Buprenorph/Nalox 8/2mg Ta,8-2MG,SUBOXONE,SUB
65162078509,Memantine HCL ER 28mg Cap,28MG ER,NAMENDA XR,CAP
,,,ZOVIRAX,CRE
65197040010,A/D OINTMENT,15.5-53.4%,,OIN
65649000330,Trulance 3mg Tablet,3MG,PLECANATIDE,TAB
65862001105,Sertraline 25mg Tablet,25MG,ZOLOFT,TAB
65862001305,Sertraline 100mg Tablet,100MG,ZOLOFT,TAB
65862011601,Benazepril 10mg Tablet,10MG,LOTENSIN,TAB
65862014905,Finasteride 5mg Tablet,5MG,PROSCAR,TAB
65862016899,Atenolol 25mg Tablet,25MG,TENORMIN,TAB
65862016999,Atenolol 50mg Tablet,50MG,TENORMIN,TAB
65862017099,Atenolol 100mg Tablet,100MG,TENORMIN,TAB
65862018730,Ondansetron 4mg Tablet,4MG,ZOFRAN,TAB
65862019399,FLUoxetine 20mg Capsule,20MG,PROZAC,CAP
65862020199,Losartan 25mg Tablet,25MG,COZAAR,TAB
65862020299,Losartan 50mg Tablet,50MG,COZAAR,TAB
65862020399,Losartan 100mg Tablet,100MG,COZAAR,TAB
65862022801,Lamotrigine 100mg Tablet,100MG,LAMICTAL,TAB
65862025047,Levetiracetam 100mg/ml Sl,100MG/ML,KEPPRA,SOL
65862035705,Clopidogrel 75mg Tablet,75MG,PLAVIX,TAB
65862052305,Gabapentin 600mg Tablet,600MG,NEURONTIN,TAB
65862052405,Gabapentin 800mg Tablet,800MG,NEURONTIN,TAB
65862052799,Venlafaxine ER 37.5mg Cap,37.5 ER,EFFEXOR-XR,CAP
65862056099,Pantoprazole 40mg Tablet,40MG,PROTONIX,TAB
65862059805,Tamsulosin 0.4mg Capsule,0.4MG,FLOMAX,CAP
65862083030,Prasugrel 10mg Tablet,10MG,EFFIENT,TABU
65862084401,cloZAPine 25mg Tablet,25MG,CLOZARIL,TAB
65862084605,Clozapine 100mg Tablet,100MG,CLOZARIL,TAB
65862092127,Sevelamer *CARB 800mg Tab,800MG,RENVELA,TAB
65862098701,Potassium Chloride Er 10m,10MEQ ER,K-TAB,TAB
65862098799,Potassium Cl 10mEq ER Tab,10MEQ ER,K-TAB,TAB
66993008696,Fluticas-Salmet 45/21 Aer,45-21,ADVAIR HFA,AER
66993008796,Fluticas-Salm 115/21 Aer,115-21,ADVAIR HFA,AER
66993008896,Fluticas-Salm 230/21 Aer,230-21,,
66993045630,Dapagliflozin 5mg Tablet,5MG,FARXIGA,TAB
66993045730,Dapagliflozin 10mg Tablet,10MG,FARXIGA,TAB
67457035959,Fluphenazine Dec 25mg/ml,25MG/ML,,
67457040913,Haloperidol Dec 100mg/ml,100MG/ML,,
67457041013,Haloperidol Dec 50mg/mL,50MG/ML,,
67457042612,Haloperidol 5mg/ml SDV,5MG/ML,HALDOL,INJ
67777022007,Bacitracin Zinc LB Oint,500UNITS/GM,,OIN
67877019710,AmLODIPine 2.5mg Tablet,2.5MG,NORVASC,TAB
67877019905,amLODIPine 10mg Tablet,10MG,NORVASC,TAB
67877022210,Gabapentin 100mg Capsule,100MG,NEURONTIN,CAP
67877022310,Gabapentin 300mg Capsule,300MG,NEURONTIN,CAP
67877022405,Gabapentin 400mg Capsule,400MG,NEURONTIN,CAP
67877031905,Ibuprofen 400mg Tablet,400MG,MOTRIN,TAB
67877032005,Ibuprofen 600mg Tablet,600MG,MOTRIN,TAB
67877043005,Aripiprazole 2mg Tablet,2MG,ABILIFY,TAB
67877043105,Aripiprazole 5mg Tablet,5MG,ABILIFY,TAB
67877043205,Aripiprazole 10mg Tablet,10MG,ABILIFY,TAB
67877043305,Aripiprazole 15mg Tablet,15MG,ABILIFY,TAB
67877043405,Aripiprazole 20mg Tablet,20MG,ABILIFY,TAB
67877043505,Aripiprazole 30mg Tablet,30MG,ABILIFY,TAB
67877045590,Finasteride 1mg Tablet,1MG,PROPECIA,TAB
67877049005,Ezetimibe 10mg Tablet,10MG,ZETIA,TAB
67877054360,Cefdinir 300mg Capsule,300 MG,Omnicef,CAP
67877084210,Famotidine 20mg Tablet,20MG,PEPCID,TAB
68001048148,Antifungal 2 % Cream,2 %,MICATIN,CRE
68094079930,Azithromycin 500mg Tab,500MG,ZITHROMAX,TAB
68094080460,metFORMIN ER 750mg Tablet,750MG,GLUCOPHAGE XR,TAB
68094090030,Azithromycin 250mg Tablet,250MG,ZITHROMAX,TAB
68180018001,Cefadroxil 500mg Capsule,500MG,DURICEF,CAP
68180026002,Divalproex *ER24* 250mg T,250MG ER,DEPAKOTE ER,TAB
68180026102,Divalproex *ER24* 500mg T,500 MG,DEPAKOTE ER,TAB
68180028101,Ethambutol 400mg Tab,400MG,MYAMBUTOL,TAB
68180035205,Sertraline 50mg Tablet,50MG,ZOLOFT,TAB
68180044703,QUEtiapine 100mg Tablet,100MG,SEROQUEL,TAB
68180046403,Simvastatin 40mg Tablet,40MG,ZOCOR,TAB
68180051202,Lisinopril 2.5mg Tablet,2.5MG,PRINIVIL,TAB
68180051303,Lisinopril 5mg Tablet,5MG,PRINIVIL,TAB
68180051802,Lisinop-HCTZ 10/12.5mgTab,10-12.5MG,PRINZIDE,TAB
68180052002,Lisinop-HCTZ 20-25mg Tab,20-25MG,PRINZIDE,TAB
68180065907,Rifampin 300mg Capsule,300MG,RIFADIN,CAP
68180097903,Lisinopril 40mg Tablet,40MG,PRINIVIL,TAB
68180098003,Lisinopril 10mg Tablet,10MG,PRINIVIL,TAB
68180098103,Lisinopril 20mg Tablet,20MG,PRINIVIL,TAB
68382000105,PARoxetine 40mg Tablet,40MG,PAXIL,TAB
68382000810,LamoTRIgine 100mg Tab,100MG,LAMICTAL,TAB
68382004001,Promethazine 12.5mg Tab,12.5MG,PHENERGAN,TAB
68382005005,Meloxicam 7.5mg Tab,7.5MG,MOBIC,TAB
68382008001,Haloperidol 10mg Tablet,10MG,HALDOL,TAB
68382009205,Carvedilol 3.125mg Tab,3.125MG,COREG,TAB
68382009305,Carvedilol 6.25mg Tablet,6.25MG,COREG,TAB
68382009405,Carvedilol 12.5mg Tablet,12.5MG,COREG,TAB
68382009505,Carvedilol 25mg Tablet,25MG,COREG,TAB
68382009710,PARoxetine 10mg Tablet,10MG,PAXIL,TAB
68382009810,PARoxetine 20mg Tablet,20MG,PAXIL,TAB
68382013805,Topiramate 25mg Tablet,25MG,TOPAMAX,TAB
68382013905,Topiramate 50mg Tablet,50MG,TOPAMAX,TAB
68382014005,Topiramate 100mg Tab,100MG,TOPAMAX,TAB
68382014105,Topiramate 200mg Tablet,200MG,TOPAMAX,TAB
68382056410,Metoprolol ER 25mg Tablet,25MG ER,TOPROL XL,TAB
68382056510,Metoprolol ER 50mg Tablet,50MG ER,TOPROL XL,TAB
68382056610,Metoprolol ER 100mg Tab,100MG ER,TOPROL XL,TAB
68382065906,Pyridostigmine 60mg Tab,60MG,MESTINON,TAB
68382074616,Diltiazem ER 180mg/24 Cap,180MG/24,TIAZAC,CAP
68382078301,Doxazosin 1mg Tablet,1MG,CARDURA,TAB
68462014401,Clindamycin 300mg Capsule,300MG,CLEOCIN,CAP
68462015713,Ondansetron 4mg ODT,4MG ODT,ZOFRAN,TABD
68462018147,Clotrimazole 1% Cre,1%,,CRE
68462022110,Lithium Carb 300mg Caps,300MG,ESKALITH,CAP
68462025501,rOPINIRole HCl 1 MG Tab,1 MG,REQUIP,TAB
68462026005,Verapamil ER 240mg Tablet,240MG ER,CALAN SR,TAB
68462029201,Verapamil ER 120mg Tab,120MG ER,CALAN SR,TAB
68462039601,Omeprazole 20mg Cap,20MG,PRILOSEC,CAP
68462039710,Omeprazole 40mg Capsule,40MG,PRILOSEC,CAP
68462063729,Levonorg-Eth Estrd Tabs,90-20MCG,LYBREL,TABU
68462094305,Travoprost 0.004% Op Drop,0.004 %,,
68682019201,Isosorbide DN 40mg Tablet,40MG,ISORDIL,TAB
69097012815,amLODIPine 10mg Tablet,10MG,NORVASC,TAB
69097015912,Meloxicam 15mg Tablet,15MG,MOBIC,TAB
69097017353,Iprat/Albuterol. Sol UD,0.5-2.5/3ML,,
69097051403,Abacavir 300mg Tablet,300MG,ZIAGEN,TAB
69097082112,Gemfibrozil 600mg Tablet,600MG,LOPID,TAB
69097082412,Citalopram 40mg Tablet,40MG,CELEXA,TAB
69097083312,Sertraline 25mg Tablet,25MG,ZOLOFT,TAB
69097084087,Iprat/Albuterol. Sol UD,0.5-2.5/3ML,DuoNeb,NEB
69097085907,Terbinafine 250mg Tablet,250MG,LAMISIL,TAB
69230031837,OMEPRAZOLE TAB 20MG DR,20MG DR,PRILOSEC,TAB
69230032334,Loratadine 10mg Tablet,10MG,CLARITIN,TAB
69238207707,Propranolol 10mg Tablet,10 MG,INDERAL,TAB
69238207807,Propranolol 20mg Tablet,20 MG,INDERAL,TAB
69238207901,Propranolol 40mg Tablet,40MG,INDERAL,TAB
69315011610,Furosemide 20mg Tablet,20MG,LASIX,TAB
69315011710,Furosemide 40mg Tablet,40MG,LASIX,TAB
69315013610,Benztropine 0.5mg Tablet,0.5MG,COGENTIN,TAB
69315013710,Benztropine 1mg Tablet,1MG,COGENTIN,TAB
69315013810,Benztropine 2mg Tablet,2MG,COGENTIN,TAB
69315015510,HCTZ 12.5mg Tablet,12.5MG,HYDRODIURIL,TAB
69315030810,Ciprofloxacin 0.3% Opt So,0.3% OP,CILOXAN,SOL
69315090510,LORazepam 1mg Tablet,1MG,ATIVAN,TAB
69315090610,LORazepam 2mg Tablet,2MG,ATIVAN,TAB
69339017441,Nitroglycern 0.4mg Sub Tb,0.4 MG,,
69367022001,Sodium Chloride 1gm Tab,1GM,,
69367024324,Hydrocortisone 25mg Supp,25MG,ANUSOL-HC,SUP
69367026701,Prenatal Plus 27-1 MG Tab,27-1 MG,PRENATAL/FOLIC ACID/IRON,TAB
69367029820,Mag Oxide 400mg Tab,400 MG,MAG-OX 400,TAB
69367062701,PHENobarbital 64.8mg Tab,64.8 MG,LUMINAL,TAB
69396000105,Clotrimazole 1% Cream,1%,LOTRIMIN,CRE
69396000220,Triple Antibiotic Oint,,NEOSPORIN,OIN
69396000320,Hydrocortisone 1% Oint,1%,CORTIZONE-10,OIN
69396002002,Hemorrhoidal Ointment,,PREPARATION-H,OINR
69396002701,Bacitracin Zinc Ointment,500/GM,BACITRACIN,OIN
69396005001,Hydrocortisone 1% Cream,1%,CORTIZONE,CRE
69396011030,Muscle Rub 10-15% Cream,10-15%,THERA-GESIC,CRE
69452012550,Oxcarbazepine 300mg/5ml S,300MG/5ML,Trileptal,SUS
69452015020,Valproic Acid 250mg Cap,250MG,DEPAKENE,CAP
69452015120,"Vit D2 50,000int Unit SG","50,000U=1.25",,
69452027120,Loperamide 2mg Capsule,2MG,IMODIUM,CAP
69452027130,Loperamide 2mg Capsule,2MG,IMODIUM,CAP
69452031232,carBAMazepine 200mg Tab,200MG,TEGRETOL,TAB
69452035620,rOPINIRole Hcl 0.25mg Tab,0.25MG,REQUIP,TAB
69584085290,Spironolactone 25mg Tab,25MG,ALDACTONE,TAB
69584085350,Spironolactone 50mg Tab,50MG,ALDACTONE,TAB
69680011225,"Cyanocob. 1,000mcg/ml SDV","1,000MCG/ML",VITAMIN B-12,INJ
,,,MAGNESIUM SULFATE,MIS
70000008301,Head Congestion/Mucus Tab,5-325-200 MG,TYLENOL SINUS CONGESTION/PAIN,TABU
70000042501,Hemorrhoidal Cream-Leader,,,
70000048703,Petroleum Jelly,JELLY,,OIN
70010000201,Colchicine 0.6mg Tablet,0.6MG,COLCRYS,TAB
70010006310,metFORMIN 500mg Tablet,500MG,GLUCOPHAGE,TAB
70010006410,MetFORMIN 850mg Tablet,850MG,GLUCOPHAGE,TAB
70010006505,"metFORMIN 1,000mg Tab",1000MG,GLUCOPHAGE,TAB
70010013505,POT Cl Micro 20meq ER Tab,20MEQ ER,K-DUR,TAB
70010016110,Acetaminophen 500mg Tab,500 MG,TYLENOL,TAB
70010020305,Sertraline 25mg Tablet,25MG,ZOLOFT,TAB
70010049110,metFORMIN TAB 500MG ER,500MG ER,GLUCOPHAGE ER,TAB
70010078405,buPROPion-XL 150mg Tablet,150MG XL,WELLBUTRIN XL,TAB
70069038305,Haloperidol Dec 100mg/ml,100MG/ML,,
70069038310,Haloperidol Dec 100mg/ml,100MG/ML,,
70069082001,Hydroxyurea 500mg Capsule,500MG,HYDREA,CAP
70074050465,Ensure Plus Liquid,VANILLA,,LIQO
70074057803,GLUCERNA SHK LIQ VANILLA,VANILLA,COMPLEAT,LIQ
70074064136,ENSURE HP    LIQ VANILLA,VANILLA,COMPLEAT,LIQ
70074407110,Ensure Liquid 237ml,,,SUS
70377000215,Simvastatin 10mg Tablet,10MG,ZOCOR,TAB
70377000315,Simvastatin 20mg Tablet,20MG,ZOCOR,TAB
70377003212,Sacub/Valsart 49-51mg Tab,49-51MG,ENTRESTO,TAB
70377003312,Sacub/Valsart 97-103mg Tb,97-103MG,ENTRESTO,TAB
,,,NORMODYNE,TAB
70515071101,Alvesco 80mcg Inhaler,80MCG,CICLESONIDE,AER
70515071201,Alvesco 160mcg Inhaler,160MCG,CICLESONIDE,AER
70518163500,Olanzapine 10mg Tablet,10MG,ZYPREXA,TAB
70518267700,Benztropine 2mg Tablet,2MG,COGENTIN,TAB
70518411700,Lurasidone 40mg Tablets,40MG,LATUDA,TAB
70518414100,HydrOXYzine HCl 25mg Tab,25MG,ATARAX,TAB
70700027522,Estradiol Val 40mg/ml MDV,40MG/ML,DELESTROGEN,INJ
70700028822,Testost Cyp Inj 100mg/ml,100MG/ML,,
70700031527,MedroxyPROG 150mg Vial,150MG/ML,,
70710114001,Fluconazole 200mg Tablet,200MG,DIFLUCAN,TAB
70710115909,Mirabegron ER 25mg Tablet,25MG ER,MYRBETRIQ,TAB
,,,TENORETIC,TAB
70710166801,Prochlorperazine 10mg Tab,10MG,,
70710169900,Venlafaxine ER 75mg Cap,75MG ER,EFFEXOR XR,CAP
70727049725,Rhopressa 0.02% Opth Soln,0.02%,NETARSUDIL,SOL
70727052925,Rocklatan Eye Drops,0.02-0.005%,NETARSUDIL MESYLAT/LATANOPROST,DRO
70748017326,Sevelamer *HCL* 800mg Tab,800MG,,
70756001112,Chlorthalidone 25mg Tab,25MG,HYGROTON,TAB
70756001402,Nitroglycern 0.4mg Sub Tb,0.4MG,NITROSTAT,SUBU
70756001411,Nitroglycerin 0.4mg Sub,0.4MG,NITROSTAT,SUBU
70756021551,Fenofibrate 160mg Tablet,160MG,TRICOR,TAB
70756040411,Nitrofur (BID) 100mg Cap,100MG,MACROBID,CAP
70756043012,Prazosin 2mg Capsule,2MG,MINIPRESS,CAP
70756044011,Prazosin 5mg Capsule,5MG,MINIPRESS,CAP
70756061610,Haloperidol Dec 100mg/mL ,100MG/ML,,
70954001920,Prazosin 1mg Capsule,1MG,MINIPRESS,CAP
70954004110,Rifabutin 150mg Capsule,150 MG,MYCOBUTIN,CAP
70954013620,Dapsone 100mg Tablet,100MG,DAPSONE,TAB
70954025220,Fludrocortisone 0.1mg Tab,0.1 MG,FLORINEF,TAB
70954048430,Pyrazinamide 500mg Tablet,500 MG,,TAB
70954056520,Estradiol 1mg Tablet,1MG,GYNODIOL,TAB
70954056620,Estradiol 2mg Tablet,2MG,GYNODIOL,TAB
70954066210,Ketoconazole 2% Shampoo,2%,,
71288050202,Haloperidol Dec 50mg/mL,50 MG/ML,,
71288050405,Haloperidol Dec 100mg/ml,500/5ML,,
71399018001,Hydrocortisone 1% Cream,1 %,HYTONE,CRE
71399101401,Aspirin low 81mg EC Tab,81MG EC,ASPIR-LOW,TAB
71858001304,Tirosint 44mcg Cap,44MCG,,CAP
71921018805,Brimon/Timolol 0.2%-0.5%,0.2-0.5%,COMBIGAN,SOL
71921021650,Glimepiride 4mg Tablet,4MG,AMARYL,TAB
71930005552,Acet/Cod 300mg/30mg Tab,300-30MG,TYLENOL W/ COD  #3,TAB
72205001390,Pregabalin 75mg Capsule,75MG,LYRICA,CAP
72205002299,Atorvastatin 10mg Tablet,10 MG,LIPITOR,TAB
72205002399,Atorvastatin 20mg Tablet,20 MG,LIPITOR,TAB
72205002499,Atorvastatin 40mg Tablet,40MG,LIPITOR,TAB
72205002599,Atorvastatin 80mg Tablet,80 MG,LIPITOR,TAB
72205009091,Doxepin 50mg Capsule,50MG,SINEQUAN,CAP
72205010491,chlorproMAZINE 25mg Tab,25MG,THORAZINE,TAB
72205010691,chlorproMAZINE 100mg Tab,100MG,THORAZINE,TAB
72205014599,Famotidine 20mg Tablet,20 MG,PEPCID,TAB
72205036860,Ticagrelor 90mg Tablet,90MG,BRILINTA,TAB
72241004011,glyBURIDE 5mg Tablet,5MG,MICRONASE,TAB
72266019701,Dorzolamide 2% Eye Drop,2 %,TRUSOPT,SOL
72426011803,Nexletol 180mg Tablet,180MG,BEMPEDOIC ACID,TAB
72485062513,Cipro/Dexameth Otic Susp,0.3-0.1%,Ciprodex,SUSA
72516003210,Metoprolol ER 100mg Tab,100MG ER,TOPROL XL,TAB
72578000305,Memantine 5mg Tablet,5MG,NAMENDA,TAB
,,,CLEOCIN-T,GEL
72579001102,Brukinsa 80mg Capsule,80MG,ZANUBRUTINIB,CAP
72603066201,Levothyroxine 75mcg Tab,75MCG,LEVOTHROID,TAB
72888000400,Metoprolol Tart 25mg Tab,25MG,LOPRESSOR,TAB
72888000600,Metoprolol Tart 100mg Tab,100MG,LOPRESSOR,TAB
72888001901,Bumetanide 0.5mg Tablet,0.5MG,BUMEX,TAB
72888002001,Bumetanide 1mg Tablet,1MG,BUMEX,TAB
72888003905,Amiodarone 200mg Tablet,200MG,,
72888008000,traMADol 50mg Tablet,50MG,ULTRAM,TAB
72888008501,Isosorbide DN 40mg Tablet,40MG,,
72888012001,Labetalol HCl 100 MG Tab,100 MG,NORMODYNE,TAB
72888015305,clonazePAM 1mg Tablet,1MG,KLONOPIN,TAB
72888019205,Mycophenolate 250mg Caps,250MG,CELLCEPT,CAP
72888020800,Metoprolol Tart 25mg Tab,25MG,LOPRESSOR,TAB
74300001067,Visine Tears  Drops,0.2/0.2/1%,ARTIFICIAL TEARS,DRO
74312027800,"Fish Oil 1,000/300mg GCap","1,000MG+300M",OMEGA-3,CAP
75834002001,"Vit D3-50 (50,000IU) Caps","50,000UNT",CHOLECALCIFEROL ,CAP
75880041202,Sqwincher Zero Packet,,,
75880041451,Sqwincher Zero Packet,FRUIT PUNCH,ELECTROLYTE SOLUTION ORAL,PKT
75907004601,Diltiazem SR 120mg Bid Ca,120MG SR,CARDIZEM SR,CAP
75907007005,Nortriptyline 25mg Cap,25MG,PAMELOR,CAP
75907007105,Nortriptyline 50mg Caps,50MG,PAMELOR,CAP
75907016721,Ivermectin 3mg Tablet,3MG,STROMECTOL,TABU
76204020030,Albuterol 0.083% INH UD,0.083%,VENTOLIN,NEB
76439013610,traMADol Hcl 50mg Tab,50MG,ULTRAM,TAB
79854009043,Mag-Ox 200mg Tablets,200MG,MAG-OX,TAB
80681001100,Vitamin E- 400unit Caps,400 UNIT,FORMULA E 400,CAP
80681002000,Multivitamin Tablets,,ONE-A DAY MULTI-VIT TABLET,TAB
80681007600,Multivitamin Tab,,ONE-DAILY,TAB
80681009500,Reguloid 43% Powder,43%,METAMUCIL,POW
80681010000,Glucose 3.75gm Chw,3.75GM/TAB,MEIJER GLUCOSE,CHWU
80681016900,"Vit D3 1,000U (25mcg) Tab",1000U=25MCG,CHOLECALCIFEROL,TAB
82182032105,Brimonidine 0.1% Sol,0.1%,ALPHAGAN P,SOL
82182077305,Brimonidine 0.15% OPL,0.15 %,ALPHAGAN P,SOL
82293000410,Midodrine 5mg Tablet,5 MG,PROAMATINE,TAB
82347000504,Levothyroxine 13mcg Caps,13 MCG,TIROSINT,CAP
82347001004,Levothyroxine 25mg Cap UD,25 MCG,TIROSINT,CAPU
82347005504,Levothyroxine 175mcg Caps,175MCG,TIROSINT,CAP
83257001411,Insulin Glarg-YFGN Vial,100 UNIT/ML,SEMGLEE (YFGN),INJ
85317005665,Denture Adhesive Cream,,FIXODENT,CRE
85317005795,Denture Adhesive Cream,,FIXODENT,CRE
87651076002,Azo Bladder Control Caps,,,
,,,MELATONIN,TAB
96295013656,Fiber Lax Pwd SF Orange ,ORANGE,METAMUCIL S/F,POW
96295013818,Daily Fiber  Powder,,METAMUCIL FREE & NATURAL,POW
96295013835,Multivitamin Adult Tablet,ADULT,,TAB
99999999999,Advate ,,ANTIHEMOPHILIC FACTOR (RECOMB),INJ
